{
    "loss": 1.3158740997314453,
    "accuracy": 0.5179855823516846
}