{
    "loss": 1.378886103630066,
    "accuracy": 0.4892086386680603
}