{
    "loss": 0.5824387073516846,
    "accuracy": 0.6546762585639954
}